{"cameraMode":{"drawMode":0,"name":"Shaded","section":"Shading Mode"},"sceneLighting":false,"audioPlay":false,"sceneViewState":{"showFog":true,"showMaterialUpdate":false,"showSkybox":false,"showFlares":true,"showImageEffects":true,"showParticleSystems":true},"in2DMode":false,"pivot":{"x":-0.7156001329421997,"y":0.4434693157672882,"z":0.790479302406311},"rotation":{"x":-0.05164755508303642,"y":-0.9459182024002075,"z":0.18829652667045594,"w":-0.2593378722667694},"size":2.0074169635772707,"orthographic":true}