{"cameraMode":{"drawMode":0,"name":"Shaded","section":"Shading Mode"},"sceneLighting":false,"audioPlay":false,"sceneViewState":{"showFog":true,"showMaterialUpdate":false,"showSkybox":false,"showFlares":true,"showImageEffects":true,"showParticleSystems":true},"in2DMode":false,"pivot":{"x":7.43317985534668,"y":-7.678875923156738,"z":2.4086060523986818},"rotation":{"x":0.23437277972698213,"y":0.7236008644104004,"z":-0.29264411330223086,"w":0.57955002784729},"size":9.065314292907715,"orthographic":false}