{"cameraMode":{"drawMode":0,"name":"Shaded","section":"Shading Mode"},"sceneLighting":true,"audioPlay":false,"sceneViewState":{"showFog":true,"showMaterialUpdate":false,"showSkybox":true,"showFlares":true,"showImageEffects":true,"showParticleSystems":true},"in2DMode":false,"pivot":{"x":113.41637420654297,"y":-39.17082977294922,"z":-46.46417236328125},"rotation":{"x":0.11509295552968979,"y":0.8333580493927002,"z":-0.18942119181156159,"w":0.5063613057136536},"size":58.20992660522461,"orthographic":false}